{"cameraMode":{"drawMode":0,"name":"Shaded","section":"Shading Mode"},"sceneLighting":true,"audioPlay":false,"sceneViewState":{"showFog":true,"showMaterialUpdate":false,"showSkybox":true,"showFlares":true,"showImageEffects":true,"showParticleSystems":true},"in2DMode":false,"pivot":{"x":-1.3380775451660157,"y":-5.818253517150879,"z":2.5232229232788088},"rotation":{"x":-0.29493945837020876,"y":0.5256300568580627,"z":-0.20074033737182618,"w":-0.7722869515419006},"size":29.83203125,"orthographic":false}