{"cameraMode":{"drawMode":0,"name":"Shaded","section":"Shading Mode"},"sceneLighting":true,"audioPlay":false,"sceneViewState":{"showFog":true,"showMaterialUpdate":false,"showSkybox":true,"showFlares":true,"showImageEffects":true,"showParticleSystems":true},"in2DMode":false,"pivot":{"x":-7.216089248657227,"y":2.538278579711914,"z":5.58242130279541},"rotation":{"x":-0.4070782959461212,"y":0.023287490010261537,"z":-0.010382749140262604,"w":-0.9130373597145081},"size":27.85845184326172,"orthographic":false}